{"cameraMode":{"drawMode":0,"name":"Shaded","section":"Shading Mode"},"sceneLighting":true,"audioPlay":false,"sceneViewState":{"m_AlwaysRefresh":false,"showFog":true,"showSkybox":true,"showFlares":true,"showImageEffects":true,"showParticleSystems":true,"showVisualEffectGraphs":true,"m_FxEnabled":true},"in2DMode":false,"pivot":{"x":8.619879722595215,"y":-1.6219370365142823,"z":-17.97161865234375},"rotation":{"x":0.213735431432724,"y":0.0029307801742106678,"z":-0.0006412402144633234,"w":0.9768869876861572},"size":4.529720306396484,"orthographic":false}